<?xml version="1.0" encoding="UTF-8"?>
<project-private xmlns="http://www.netbeans.org/ns/project-private/1">
    <editor-bookmarks xmlns="http://www.netbeans.org/ns/editor-bookmarks/2" lastBookmarkId="0"/>
    <open-files xmlns="http://www.netbeans.org/ns/projectui-open-files/2">
        <group>
            <file>file:/C:/Users/Gearing/Documents/GitHub/SOFT252-Referral-Library-system/SOFT252%20Referral%20Library%20system/test/resourceTest.java</file>
            <file>file:/C:/Users/Gearing/Documents/GitHub/SOFT252-Referral-Library-system/SOFT252%20Referral%20Library%20system/src/soft252/referral/library/system/SOFT252ReferralLibrarySystem.java</file>
            <file>file:/C:/Users/Gearing/Documents/GitHub/SOFT252-Referral-Library-system/SOFT252%20Referral%20Library%20system/src/soft252/referral/library/system/resources.java</file>
        </group>
    </open-files>
</project-private>
